impl,threads,median
plain,1,556176027.52
mutex,1,154031094.90
mutex,2,84565018.56
mutex,4,47253811.02
mutex,8,41077896.02
empty_mutex,1,198556464.92
empty_mutex,2,107938507.14
empty_mutex,4,64100161.02
empty_mutex,8,56552231.24
striped,1,157582010.64
striped,2,24057970.69
striped,4,24993437.14
striped,8,25499692.13
tls,1,302462934.74
tls,2,596663117.25
tls,4,1168389725.53
tls,8,1865766198.57
double-buffer,1,291653499.94
double-buffer,2,575564506.32
double-buffer,4,1119442417.09
double-buffer,8,1737417867.77
